Word	Tag
course	B-course
descriptions	I-course
Schedule	B-course
of	I-course
Classes	I-course
Aerospace	B-course
Studies	I-course
–	I-course
Air	I-course
Force	I-course
ROTC	I-course
African	B-course
American	I-course
Studies	I-course
African	B-course
Studies	I-course
American	B-course
Indian	I-course
Studies	I-course
Anesthesiology	B-course
and	I-course
Perioperative	I-course
Medicine	I-course
Anthropology	B-course
Applied	B-course
Linguistics	I-course
Archaeology	B-course
Architecture	B-course
and	I-course
Urban	I-course
Design	I-course
Art	B-course
Art	B-course
History	I-course
Arts	B-course
and	I-course
Architecture	I-course
Asian	B-course
American	I-course
Studies	I-course
Asian	B-course
Languages	I-course
and	I-course
Cultures	I-course
Atmospheric	B-course
and	I-course
Oceanic	I-course
Sciences	I-course
Bioengineering	B-course
Bioinformatics	B-course
Biological	B-course
Chemistry	I-course
Biomathematics	B-course
Biomedical	B-course
Research	I-course
Biostatistics	B-course
Chemical	B-course
and	I-course
Biomolecular	I-course
Engineering	I-course
Chemistry	B-course
and	I-course
Biochemistry	I-course
César	B-course
E.	I-course
Chávez	I-course
Department	I-course
of	I-course
Chicana	I-course
and	I-course
Chicano	I-course
Studies	I-course
Civic	B-course
Engagement	I-course
Civil	B-course
and	I-course
Environmental	I-course
Engineering	I-course
Classics	B-course
Cluster	B-course
Program	I-course
Communication	B-course
Community	B-course
Health	I-course
Sciences	I-course
Comparative	B-course
Literature	I-course
Computational	B-course
and	I-course
Systems	I-course
Biology	I-course
Computer	B-course
Science	I-course
Conservation	B-course
of	I-course
Archaeological	I-course
and	I-course
Ethnographic	I-course
Materials	I-course
Dentistry	B-course
Design	B-course
|	I-course
Media	I-course
Arts	I-course
Digital	B-course
Humanities	I-course
Disability	B-course
Studies	I-course
Earth,	B-course
Planetary,	I-course
and	I-course
Space	I-course
Sciences	I-course
East	B-course
Asian	I-course
Studies	I-course
Ecology	B-course
and	I-course
Evolutionary	I-course
Biology	I-course
Economics	B-course
Education	B-course
Electrical	B-course
and	I-course
Computer	I-course
Engineering	I-course
Emergency	B-course
Medicine	I-course
Engineering	B-course
Schoolwide	I-course
Programs	I-course
English	B-course
Entrepreneurship	B-course
Environment	B-course
and	I-course
Sustainability,	I-course
Institute	I-course
of	I-course
the	I-course
Environmental	B-course
Health	I-course
Sciences	I-course
Epidemiology	B-course
Ethnomusicology	B-course
Family	B-course
Medicine	I-course
Film,	B-course
Television,	I-course
and	I-course
Digital	I-course
Media	I-course
Food	B-course
Studies	I-course
Foreign	B-course
Literature	I-course
in	I-course
Translation	I-course
French	B-course
and	I-course
Francophone	I-course
Studies	I-course
Gender	B-course
Studies	I-course
Geography	B-course
Germanic	B-course
Languages	I-course
Gerontology	B-course
Global	B-course
Health	I-course
Global	B-course
Jazz	I-course
Studies	I-course
Global	B-course
Studies	I-course
Graduate	B-course
Student	I-course
Professional	I-course
Development	I-course
Head	B-course
and	I-course
Neck	I-course
Surgery	I-course
Health	B-course
Policy	I-course
and	I-course
Management	I-course
History	B-course
Honors	B-course
Collegium	I-course
Human	B-course
Genetics	I-course
Individual	B-course
Fields	I-course
Indo-European	B-course
Studies	I-course
Information	B-course
Studies	I-course
Integrative	B-course
Biology	I-course
and	I-course
Physiology	I-course
International	B-course
and	I-course
Area	I-course
Studies	I-course
International	B-course
Development	I-course
Studies	I-course
International	B-course
Migration	I-course
Studies	I-course
Italian	B-course
Labor	B-course
and	I-course
Workplace	I-course
Studies	I-course
Latin	B-course
American	I-course
Studies	I-course
Law	B-course
Lesbian,	B-course
Gay,	I-course
Bisexual,	I-course
Transgender,	I-course
and	I-course
Queer	I-course
Studies	I-course
Life	B-course
Sciences	I-course
Linguistics	B-course
Management	B-course
Materials	B-course
Science	I-course
and	I-course
Engineering	I-course
Mathematics	B-course
Mathematics/Economics	B-course
Mechanical	B-course
and	I-course
Aerospace	I-course
Engineering	I-course
Medicine	B-course
Microbiology,	B-course
Immunology,	I-course
and	I-course
Molecular	I-course
Genetics	I-course
Military	B-course
Science	I-course
–	I-course
Army	I-course
ROTC	I-course
Molecular	B-course
and	I-course
Medical	I-course
Pharmacology	I-course
Molecular	B-course
Biology	I-course
Molecular,	B-course
Cell,	I-course
and	I-course
Developmental	I-course
Biology	I-course
Molecular,	B-course
Cellular,	I-course
and	I-course
Integrative	I-course
Physiology	I-course
Molecular	B-course
Toxicology	I-course
Music	B-course
Music	B-course
Industry	I-course
Musicology	B-course
Naval	B-course
Science	I-course
–	I-course
Navy	I-course
ROTC	I-course
Near	B-course
Eastern	I-course
Languages	I-course
and	I-course
Cultures	I-course
Neurobiology	B-course
Neurology	B-course
Neuroscience,	B-course
Undergraduate	I-course
Neuroscience,	B-course
Graduate	I-course
Neurosurgery	B-course
Nursing	B-course
Obstetrics	B-course
and	I-course
Gynecology	I-course
Ophthalmology	B-course
Oral	B-course
Biology	I-course
Orthopaedic	B-course
Surgery	I-course
Pathology	B-course
and	I-course
Laboratory	I-course
Medicine	I-course
Pediatrics	B-course
Philosophy	B-course
Physics	B-course
and	I-course
Astronomy	I-course
Physics	B-course
and	I-course
Biology	I-course
in	I-course
Medicine	I-course
Physiology	B-course
Political	B-course
Science	I-course
Psychiatry	B-course
and	I-course
Biobehavioral	I-course
Sciences	I-course
Psychology	B-course
Public	B-course
Affairs	I-course
Public	B-course
Affairs	I-course
Schoolwide	I-course
Programs	I-course
Public	B-course
Health	I-course
Public	B-course
Health	I-course
Schoolwide	I-course
Programs	I-course
Public	B-course
Policy	I-course
Radiation	B-course
Oncology	I-course
Radiological	B-course
Sciences	I-course
Religion,	B-course
Study	I-course
of	I-course
Scandinavian	B-course
Section	I-course
Science	B-course
Education	I-course
Slavic,	B-course
East	I-course
European,	I-course
and	I-course
Eurasian	I-course
Languages	I-course
and	I-course
Cultures	I-course
Social	B-course
Science	I-course
Social	B-course
Thought	I-course
Social	B-course
Welfare	I-course
Society	B-course
and	I-course
Genetics,	I-course
Institute	I-course
for	I-course
Sociology	B-course
Spanish	B-course
and	I-course
Portuguese	I-course
Statistics	B-course
Surgery	B-course
Theater	B-course
University	B-course
Studies	I-course
Urban	B-course
Planning	I-course
Urology	B-course
Visual	B-course
and	I-course
Performing	I-course
Arts	I-course
Education	I-course
World	B-course
Arts	I-course
and	I-course
Cultures/Dance	I-course
Writing	B-course
Programs	I-course
1	I-course
1A	I-course
1B	I-course
1C	I-course
1D	I-course
1E	I-course
1F	I-course
1G	I-course
1H	I-course
1I	I-course
1J	I-course
1K	I-course
1L	I-course
1M	I-course
1N	I-course
1O	I-course
1P	I-course
1Q	I-course
1R	I-course
1S	I-course
1T	I-course
1U	I-course
1V	I-course
1W	I-course
1X	I-course
1Y	I-course
1Z	I-course
2	I-course
2A	I-course
2B	I-course
2C	I-course
2D	I-course
2E	I-course
2F	I-course
2G	I-course
2H	I-course
2I	I-course
2J	I-course
2K	I-course
2L	I-course
2M	I-course
2N	I-course
2O	I-course
2P	I-course
2Q	I-course
2R	I-course
2S	I-course
2T	I-course
2U	I-course
2V	I-course
2W	I-course
2X	I-course
2Y	I-course
2Z	I-course
3	I-course
3A	I-course
3B	I-course
3C	I-course
3D	I-course
3E	I-course
3F	I-course
3G	I-course
3H	I-course
3I	I-course
3J	I-course
3K	I-course
3L	I-course
3M	I-course
3N	I-course
3O	I-course
3P	I-course
3Q	I-course
3R	I-course
3S	I-course
3T	I-course
3U	I-course
3V	I-course
3W	I-course
3X	I-course
3Y	I-course
3Z	I-course
4	I-course
4A	I-course
4B	I-course
4C	I-course
4D	I-course
4E	I-course
4F	I-course
4G	I-course
4H	I-course
4I	I-course
4J	I-course
4K	I-course
4L	I-course
4M	I-course
4N	I-course
4O	I-course
4P	I-course
4Q	I-course
4R	I-course
4S	I-course
4T	I-course
4U	I-course
4V	I-course
4W	I-course
4X	I-course
4Y	I-course
4Z	I-course
5	I-course
5A	I-course
5B	I-course
5C	I-course
5D	I-course
5E	I-course
5F	I-course
5G	I-course
5H	I-course
5I	I-course
5J	I-course
5K	I-course
5L	I-course
5M	I-course
5N	I-course
5O	I-course
5P	I-course
5Q	I-course
5R	I-course
5S	I-course
5T	I-course
5U	I-course
5V	I-course
5W	I-course
5X	I-course
5Y	I-course
5Z	I-course
6	I-course
6A	I-course
6B	I-course
6C	I-course
6D	I-course
6E	I-course
6F	I-course
6G	I-course
6H	I-course
6I	I-course
6J	I-course
6K	I-course
6L	I-course
6M	I-course
6N	I-course
6O	I-course
6P	I-course
6Q	I-course
6R	I-course
6S	I-course
6T	I-course
6U	I-course
6V	I-course
6W	I-course
6X	I-course
6Y	I-course
6Z	I-course
7	I-course
7A	I-course
7B	I-course
7C	I-course
7D	I-course
7E	I-course
7F	I-course
7G	I-course
7H	I-course
7I	I-course
7J	I-course
7K	I-course
7L	I-course
7M	I-course
7N	I-course
7O	I-course
7P	I-course
7Q	I-course
7R	I-course
7S	I-course
7T	I-course
7U	I-course
7V	I-course
7W	I-course
7X	I-course
7Y	I-course
7Z	I-course
8	I-course
8A	I-course
8B	I-course
8C	I-course
8D	I-course
8E	I-course
8F	I-course
8G	I-course
8H	I-course
8I	I-course
8J	I-course
8K	I-course
8L	I-course
8M	I-course
8N	I-course
8O	I-course
8P	I-course
8Q	I-course
8R	I-course
8S	I-course
8T	I-course
8U	I-course
8V	I-course
8W	I-course
8X	I-course
8Y	I-course
8Z	I-course
9	I-course
9A	I-course
9B	I-course
9C	I-course
9D	I-course
9E	I-course
9F	I-course
9G	I-course
9H	I-course
9I	I-course
9J	I-course
9K	I-course
9L	I-course
9M	I-course
9N	I-course
9O	I-course
9P	I-course
9Q	I-course
9R	I-course
9S	I-course
9T	I-course
9U	I-course
9V	I-course
9W	I-course
9X	I-course
9Y	I-course
9Z	I-course
10	I-course
10A	I-course
10B	I-course
10C	I-course
10D	I-course
10E	I-course
10F	I-course
10G	I-course
10H	I-course
10I	I-course
10J	I-course
10K	I-course
10L	I-course
10M	I-course
10N	I-course
10O	I-course
10P	I-course
10Q	I-course
10R	I-course
10S	I-course
10T	I-course
10U	I-course
10V	I-course
10W	I-course
10X	I-course
10Y	I-course
10Z	I-course
11	I-course
11A	I-course
11B	I-course
11C	I-course
11D	I-course
11E	I-course
11F	I-course
11G	I-course
11H	I-course
11I	I-course
11J	I-course
11K	I-course
11L	I-course
11M	I-course
11N	I-course
11O	I-course
11P	I-course
11Q	I-course
11R	I-course
11S	I-course
11T	I-course
11U	I-course
11V	I-course
11W	I-course
11X	I-course
11Y	I-course
11Z	I-course
12	I-course
12A	I-course
12B	I-course
12C	I-course
12D	I-course
12E	I-course
12F	I-course
12G	I-course
12H	I-course
12I	I-course
12J	I-course
12K	I-course
12L	I-course
12M	I-course
12N	I-course
12O	I-course
12P	I-course
12Q	I-course
12R	I-course
12S	I-course
12T	I-course
12U	I-course
12V	I-course
12W	I-course
12X	I-course
12Y	I-course
12Z	I-course
13	I-course
13A	I-course
13B	I-course
13C	I-course
13D	I-course
13E	I-course
13F	I-course
13G	I-course
13H	I-course
13I	I-course
13J	I-course
13K	I-course
13L	I-course
13M	I-course
13N	I-course
13O	I-course
13P	I-course
13Q	I-course
13R	I-course
13S	I-course
13T	I-course
13U	I-course
13V	I-course
13W	I-course
13X	I-course
13Y	I-course
13Z	I-course
14	I-course
14A	I-course
14B	I-course
14C	I-course
14D	I-course
14E	I-course
14F	I-course
14G	I-course
14H	I-course
14I	I-course
14J	I-course
14K	I-course
14L	I-course
14M	I-course
14N	I-course
14O	I-course
14P	I-course
14Q	I-course
14R	I-course
14S	I-course
14T	I-course
14U	I-course
14V	I-course
14W	I-course
14X	I-course
14Y	I-course
14Z	I-course
15	I-course
15A	I-course
15B	I-course
15C	I-course
15D	I-course
15E	I-course
15F	I-course
15G	I-course
15H	I-course
15I	I-course
15J	I-course
15K	I-course
15L	I-course
15M	I-course
15N	I-course
15O	I-course
15P	I-course
15Q	I-course
15R	I-course
15S	I-course
15T	I-course
15U	I-course
15V	I-course
15W	I-course
15X	I-course
15Y	I-course
15Z	I-course
16	I-course
16A	I-course
16B	I-course
16C	I-course
16D	I-course
16E	I-course
16F	I-course
16G	I-course
16H	I-course
16I	I-course
16J	I-course
16K	I-course
16L	I-course
16M	I-course
16N	I-course
16O	I-course
16P	I-course
16Q	I-course
16R	I-course
16S	I-course
16T	I-course
16U	I-course
16V	I-course
16W	I-course
16X	I-course
16Y	I-course
16Z	I-course
17	I-course
17A	I-course
17B	I-course
17C	I-course
17D	I-course
17E	I-course
17F	I-course
17G	I-course
17H	I-course
17I	I-course
17J	I-course
17K	I-course
17L	I-course
17M	I-course
17N	I-course
17O	I-course
17P	I-course
17Q	I-course
17R	I-course
17S	I-course
17T	I-course
17U	I-course
17V	I-course
17W	I-course
17X	I-course
17Y	I-course
17Z	I-course
18	I-course
18A	I-course
18B	I-course
18C	I-course
18D	I-course
18E	I-course
18F	I-course
18G	I-course
18H	I-course
18I	I-course
18J	I-course
18K	I-course
18L	I-course
18M	I-course
18N	I-course
18O	I-course
18P	I-course
18Q	I-course
18R	I-course
18S	I-course
18T	I-course
18U	I-course
18V	I-course
18W	I-course
18X	I-course
18Y	I-course
18Z	I-course
19	I-course
19A	I-course
19B	I-course
19C	I-course
19D	I-course
19E	I-course
19F	I-course
19G	I-course
19H	I-course
19I	I-course
19J	I-course
19K	I-course
19L	I-course
19M	I-course
19N	I-course
19O	I-course
19P	I-course
19Q	I-course
19R	I-course
19S	I-course
19T	I-course
19U	I-course
19V	I-course
19W	I-course
19X	I-course
19Y	I-course
19Z	I-course
20	I-course
20A	I-course
20B	I-course
20C	I-course
20D	I-course
20E	I-course
20F	I-course
20G	I-course
20H	I-course
20I	I-course
20J	I-course
20K	I-course
20L	I-course
20M	I-course
20N	I-course
20O	I-course
20P	I-course
20Q	I-course
20R	I-course
20S	I-course
20T	I-course
20U	I-course
20V	I-course
20W	I-course
20X	I-course
20Y	I-course
20Z	I-course
21	I-course
21A	I-course
21B	I-course
21C	I-course
21D	I-course
21E	I-course
21F	I-course
21G	I-course
21H	I-course
21I	I-course
21J	I-course
21K	I-course
21L	I-course
21M	I-course
21N	I-course
21O	I-course
21P	I-course
21Q	I-course
21R	I-course
21S	I-course
21T	I-course
21U	I-course
21V	I-course
21W	I-course
21X	I-course
21Y	I-course
21Z	I-course
22	I-course
22A	I-course
22B	I-course
22C	I-course
22D	I-course
22E	I-course
22F	I-course
22G	I-course
22H	I-course
22I	I-course
22J	I-course
22K	I-course
22L	I-course
22M	I-course
22N	I-course
22O	I-course
22P	I-course
22Q	I-course
22R	I-course
22S	I-course
22T	I-course
22U	I-course
22V	I-course
22W	I-course
22X	I-course
22Y	I-course
22Z	I-course
23	I-course
23A	I-course
23B	I-course
23C	I-course
23D	I-course
23E	I-course
23F	I-course
23G	I-course
23H	I-course
23I	I-course
23J	I-course
23K	I-course
23L	I-course
23M	I-course
23N	I-course
23O	I-course
23P	I-course
23Q	I-course
23R	I-course
23S	I-course
23T	I-course
23U	I-course
23V	I-course
23W	I-course
23X	I-course
23Y	I-course
23Z	I-course
24	I-course
24A	I-course
24B	I-course
24C	I-course
24D	I-course
24E	I-course
24F	I-course
24G	I-course
24H	I-course
24I	I-course
24J	I-course
24K	I-course
24L	I-course
24M	I-course
24N	I-course
24O	I-course
24P	I-course
24Q	I-course
24R	I-course
24S	I-course
24T	I-course
24U	I-course
24V	I-course
24W	I-course
24X	I-course
24Y	I-course
24Z	I-course
25	I-course
25A	I-course
25B	I-course
25C	I-course
25D	I-course
25E	I-course
25F	I-course
25G	I-course
25H	I-course
25I	I-course
25J	I-course
25K	I-course
25L	I-course
25M	I-course
25N	I-course
25O	I-course
25P	I-course
25Q	I-course
25R	I-course
25S	I-course
25T	I-course
25U	I-course
25V	I-course
25W	I-course
25X	I-course
25Y	I-course
25Z	I-course
26	I-course
26A	I-course
26B	I-course
26C	I-course
26D	I-course
26E	I-course
26F	I-course
26G	I-course
26H	I-course
26I	I-course
26J	I-course
26K	I-course
26L	I-course
26M	I-course
26N	I-course
26O	I-course
26P	I-course
26Q	I-course
26R	I-course
26S	I-course
26T	I-course
26U	I-course
26V	I-course
26W	I-course
26X	I-course
26Y	I-course
26Z	I-course
27	I-course
27A	I-course
27B	I-course
27C	I-course
27D	I-course
27E	I-course
27F	I-course
27G	I-course
27H	I-course
27I	I-course
27J	I-course
27K	I-course
27L	I-course
27M	I-course
27N	I-course
27O	I-course
27P	I-course
27Q	I-course
27R	I-course
27S	I-course
27T	I-course
27U	I-course
27V	I-course
27W	I-course
27X	I-course
27Y	I-course
27Z	I-course
28	I-course
28A	I-course
28B	I-course
28C	I-course
28D	I-course
28E	I-course
28F	I-course
28G	I-course
28H	I-course
28I	I-course
28J	I-course
28K	I-course
28L	I-course
28M	I-course
28N	I-course
28O	I-course
28P	I-course
28Q	I-course
28R	I-course
28S	I-course
28T	I-course
28U	I-course
28V	I-course
28W	I-course
28X	I-course
28Y	I-course
28Z	I-course
29	I-course
29A	I-course
29B	I-course
29C	I-course
29D	I-course
29E	I-course
29F	I-course
29G	I-course
29H	I-course
29I	I-course
29J	I-course
29K	I-course
29L	I-course
29M	I-course
29N	I-course
29O	I-course
29P	I-course
29Q	I-course
29R	I-course
29S	I-course
29T	I-course
29U	I-course
29V	I-course
29W	I-course
29X	I-course
29Y	I-course
29Z	I-course
30	I-course
30A	I-course
30B	I-course
30C	I-course
30D	I-course
30E	I-course
30F	I-course
30G	I-course
30H	I-course
30I	I-course
30J	I-course
30K	I-course
30L	I-course
30M	I-course
30N	I-course
30O	I-course
30P	I-course
30Q	I-course
30R	I-course
30S	I-course
30T	I-course
30U	I-course
30V	I-course
30W	I-course
30X	I-course
30Y	I-course
30Z	I-course
31	I-course
31A	I-course
31B	I-course
31C	I-course
31D	I-course
31E	I-course
31F	I-course
31G	I-course
31H	I-course
31I	I-course
31J	I-course
31K	I-course
31L	I-course
31M	I-course
31N	I-course
31O	I-course
31P	I-course
31Q	I-course
31R	I-course
31S	I-course
31T	I-course
31U	I-course
31V	I-course
31W	I-course
31X	I-course
31Y	I-course
31Z	I-course
32	I-course
32A	I-course
32B	I-course
32C	I-course
32D	I-course
32E	I-course
32F	I-course
32G	I-course
32H	I-course
32I	I-course
32J	I-course
32K	I-course
32L	I-course
32M	I-course
32N	I-course
32O	I-course
32P	I-course
32Q	I-course
32R	I-course
32S	I-course
32T	I-course
32U	I-course
32V	I-course
32W	I-course
32X	I-course
32Y	I-course
32Z	I-course
33	I-course
33A	I-course
33B	I-course
33C	I-course
33D	I-course
33E	I-course
33F	I-course
33G	I-course
33H	I-course
33I	I-course
33J	I-course
33K	I-course
33L	I-course
33M	I-course
33N	I-course
33O	I-course
33P	I-course
33Q	I-course
33R	I-course
33S	I-course
33T	I-course
33U	I-course
33V	I-course
33W	I-course
33X	I-course
33Y	I-course
33Z	I-course
34	I-course
34A	I-course
34B	I-course
34C	I-course
34D	I-course
34E	I-course
34F	I-course
34G	I-course
34H	I-course
34I	I-course
34J	I-course
34K	I-course
34L	I-course
34M	I-course
34N	I-course
34O	I-course
34P	I-course
34Q	I-course
34R	I-course
34S	I-course
34T	I-course
34U	I-course
34V	I-course
34W	I-course
34X	I-course
34Y	I-course
34Z	I-course
35	I-course
35A	I-course
35B	I-course
35C	I-course
35D	I-course
35E	I-course
35F	I-course
35G	I-course
35H	I-course
35I	I-course
35J	I-course
35K	I-course
35L	I-course
35M	I-course
35N	I-course
35O	I-course
35P	I-course
35Q	I-course
35R	I-course
35S	I-course
35T	I-course
35U	I-course
35V	I-course
35W	I-course
35X	I-course
35Y	I-course
35Z	I-course
36	I-course
36A	I-course
36B	I-course
36C	I-course
36D	I-course
36E	I-course
36F	I-course
36G	I-course
36H	I-course
36I	I-course
36J	I-course
36K	I-course
36L	I-course
36M	I-course
36N	I-course
36O	I-course
36P	I-course
36Q	I-course
36R	I-course
36S	I-course
36T	I-course
36U	I-course
36V	I-course
36W	I-course
36X	I-course
36Y	I-course
36Z	I-course
37	I-course
37A	I-course
37B	I-course
37C	I-course
37D	I-course
37E	I-course
37F	I-course
37G	I-course
37H	I-course
37I	I-course
37J	I-course
37K	I-course
37L	I-course
37M	I-course
37N	I-course
37O	I-course
37P	I-course
37Q	I-course
37R	I-course
37S	I-course
37T	I-course
37U	I-course
37V	I-course
37W	I-course
37X	I-course
37Y	I-course
37Z	I-course
38	I-course
38A	I-course
38B	I-course
38C	I-course
38D	I-course
38E	I-course
38F	I-course
38G	I-course
38H	I-course
38I	I-course
38J	I-course
38K	I-course
38L	I-course
38M	I-course
38N	I-course
38O	I-course
38P	I-course
38Q	I-course
38R	I-course
38S	I-course
38T	I-course
38U	I-course
38V	I-course
38W	I-course
38X	I-course
38Y	I-course
38Z	I-course
39	I-course
39A	I-course
39B	I-course
39C	I-course
39D	I-course
39E	I-course
39F	I-course
39G	I-course
39H	I-course
39I	I-course
39J	I-course
39K	I-course
39L	I-course
39M	I-course
39N	I-course
39O	I-course
39P	I-course
39Q	I-course
39R	I-course
39S	I-course
39T	I-course
39U	I-course
39V	I-course
39W	I-course
39X	I-course
39Y	I-course
39Z	I-course
40	I-course
40A	I-course
40B	I-course
40C	I-course
40D	I-course
40E	I-course
40F	I-course
40G	I-course
40H	I-course
40I	I-course
40J	I-course
40K	I-course
40L	I-course
40M	I-course
40N	I-course
40O	I-course
40P	I-course
40Q	I-course
40R	I-course
40S	I-course
40T	I-course
40U	I-course
40V	I-course
40W	I-course
40X	I-course
40Y	I-course
40Z	I-course
41	I-course
41A	I-course
41B	I-course
41C	I-course
41D	I-course
41E	I-course
41F	I-course
41G	I-course
41H	I-course
41I	I-course
41J	I-course
41K	I-course
41L	I-course
41M	I-course
41N	I-course
41O	I-course
41P	I-course
41Q	I-course
41R	I-course
41S	I-course
41T	I-course
41U	I-course
41V	I-course
41W	I-course
41X	I-course
41Y	I-course
41Z	I-course
42	I-course
42A	I-course
42B	I-course
42C	I-course
42D	I-course
42E	I-course
42F	I-course
42G	I-course
42H	I-course
42I	I-course
42J	I-course
42K	I-course
42L	I-course
42M	I-course
42N	I-course
42O	I-course
42P	I-course
42Q	I-course
42R	I-course
42S	I-course
42T	I-course
42U	I-course
42V	I-course
42W	I-course
42X	I-course
42Y	I-course
42Z	I-course
43	I-course
43A	I-course
43B	I-course
43C	I-course
43D	I-course
43E	I-course
43F	I-course
43G	I-course
43H	I-course
43I	I-course
43J	I-course
43K	I-course
43L	I-course
43M	I-course
43N	I-course
43O	I-course
43P	I-course
43Q	I-course
43R	I-course
43S	I-course
43T	I-course
43U	I-course
43V	I-course
43W	I-course
43X	I-course
43Y	I-course
43Z	I-course
44	I-course
44A	I-course
44B	I-course
44C	I-course
44D	I-course
44E	I-course
44F	I-course
44G	I-course
44H	I-course
44I	I-course
44J	I-course
44K	I-course
44L	I-course
44M	I-course
44N	I-course
44O	I-course
44P	I-course
44Q	I-course
44R	I-course
44S	I-course
44T	I-course
44U	I-course
44V	I-course
44W	I-course
44X	I-course
44Y	I-course
44Z	I-course
45	I-course
45A	I-course
45B	I-course
45C	I-course
45D	I-course
45E	I-course
45F	I-course
45G	I-course
45H	I-course
45I	I-course
45J	I-course
45K	I-course
45L	I-course
45M	I-course
45N	I-course
45O	I-course
45P	I-course
45Q	I-course
45R	I-course
45S	I-course
45T	I-course
45U	I-course
45V	I-course
45W	I-course
45X	I-course
45Y	I-course
45Z	I-course
46	I-course
46A	I-course
46B	I-course
46C	I-course
46D	I-course
46E	I-course
46F	I-course
46G	I-course
46H	I-course
46I	I-course
46J	I-course
46K	I-course
46L	I-course
46M	I-course
46N	I-course
46O	I-course
46P	I-course
46Q	I-course
46R	I-course
46S	I-course
46T	I-course
46U	I-course
46V	I-course
46W	I-course
46X	I-course
46Y	I-course
46Z	I-course
47	I-course
47A	I-course
47B	I-course
47C	I-course
47D	I-course
47E	I-course
47F	I-course
47G	I-course
47H	I-course
47I	I-course
47J	I-course
47K	I-course
47L	I-course
47M	I-course
47N	I-course
47O	I-course
47P	I-course
47Q	I-course
47R	I-course
47S	I-course
47T	I-course
47U	I-course
47V	I-course
47W	I-course
47X	I-course
47Y	I-course
47Z	I-course
48	I-course
48A	I-course
48B	I-course
48C	I-course
48D	I-course
48E	I-course
48F	I-course
48G	I-course
48H	I-course
48I	I-course
48J	I-course
48K	I-course
48L	I-course
48M	I-course
48N	I-course
48O	I-course
48P	I-course
48Q	I-course
48R	I-course
48S	I-course
48T	I-course
48U	I-course
48V	I-course
48W	I-course
48X	I-course
48Y	I-course
48Z	I-course
49	I-course
49A	I-course
49B	I-course
49C	I-course
49D	I-course
49E	I-course
49F	I-course
49G	I-course
49H	I-course
49I	I-course
49J	I-course
49K	I-course
49L	I-course
49M	I-course
49N	I-course
49O	I-course
49P	I-course
49Q	I-course
49R	I-course
49S	I-course
49T	I-course
49U	I-course
49V	I-course
49W	I-course
49X	I-course
49Y	I-course
49Z	I-course
50	I-course
50A	I-course
50B	I-course
50C	I-course
50D	I-course
50E	I-course
50F	I-course
50G	I-course
50H	I-course
50I	I-course
50J	I-course
50K	I-course
50L	I-course
50M	I-course
50N	I-course
50O	I-course
50P	I-course
50Q	I-course
50R	I-course
50S	I-course
50T	I-course
50U	I-course
50V	I-course
50W	I-course
50X	I-course
50Y	I-course
50Z	I-course
51	I-course
51A	I-course
51B	I-course
51C	I-course
51D	I-course
51E	I-course
51F	I-course
51G	I-course
51H	I-course
51I	I-course
51J	I-course
51K	I-course
51L	I-course
51M	I-course
51N	I-course
51O	I-course
51P	I-course
51Q	I-course
51R	I-course
51S	I-course
51T	I-course
51U	I-course
51V	I-course
51W	I-course
51X	I-course
51Y	I-course
51Z	I-course
52	I-course
52A	I-course
52B	I-course
52C	I-course
52D	I-course
52E	I-course
52F	I-course
52G	I-course
52H	I-course
52I	I-course
52J	I-course
52K	I-course
52L	I-course
52M	I-course
52N	I-course
52O	I-course
52P	I-course
52Q	I-course
52R	I-course
52S	I-course
52T	I-course
52U	I-course
52V	I-course
52W	I-course
52X	I-course
52Y	I-course
52Z	I-course
53	I-course
53A	I-course
53B	I-course
53C	I-course
53D	I-course
53E	I-course
53F	I-course
53G	I-course
53H	I-course
53I	I-course
53J	I-course
53K	I-course
53L	I-course
53M	I-course
53N	I-course
53O	I-course
53P	I-course
53Q	I-course
53R	I-course
53S	I-course
53T	I-course
53U	I-course
53V	I-course
53W	I-course
53X	I-course
53Y	I-course
53Z	I-course
54	I-course
54A	I-course
54B	I-course
54C	I-course
54D	I-course
54E	I-course
54F	I-course
54G	I-course
54H	I-course
54I	I-course
54J	I-course
54K	I-course
54L	I-course
54M	I-course
54N	I-course
54O	I-course
54P	I-course
54Q	I-course
54R	I-course
54S	I-course
54T	I-course
54U	I-course
54V	I-course
54W	I-course
54X	I-course
54Y	I-course
54Z	I-course
55	I-course
55A	I-course
55B	I-course
55C	I-course
55D	I-course
55E	I-course
55F	I-course
55G	I-course
55H	I-course
55I	I-course
55J	I-course
55K	I-course
55L	I-course
55M	I-course
55N	I-course
55O	I-course
55P	I-course
55Q	I-course
55R	I-course
55S	I-course
55T	I-course
55U	I-course
55V	I-course
55W	I-course
55X	I-course
55Y	I-course
55Z	I-course
56	I-course
56A	I-course
56B	I-course
56C	I-course
56D	I-course
56E	I-course
56F	I-course
56G	I-course
56H	I-course
56I	I-course
56J	I-course
56K	I-course
56L	I-course
56M	I-course
56N	I-course
56O	I-course
56P	I-course
56Q	I-course
56R	I-course
56S	I-course
56T	I-course
56U	I-course
56V	I-course
56W	I-course
56X	I-course
56Y	I-course
56Z	I-course
57	I-course
57A	I-course
57B	I-course
57C	I-course
57D	I-course
57E	I-course
57F	I-course
57G	I-course
57H	I-course
57I	I-course
57J	I-course
57K	I-course
57L	I-course
57M	I-course
57N	I-course
57O	I-course
57P	I-course
57Q	I-course
57R	I-course
57S	I-course
57T	I-course
57U	I-course
57V	I-course
57W	I-course
57X	I-course
57Y	I-course
57Z	I-course
58	I-course
58A	I-course
58B	I-course
58C	I-course
58D	I-course
58E	I-course
58F	I-course
58G	I-course
58H	I-course
58I	I-course
58J	I-course
58K	I-course
58L	I-course
58M	I-course
58N	I-course
58O	I-course
58P	I-course
58Q	I-course
58R	I-course
58S	I-course
58T	I-course
58U	I-course
58V	I-course
58W	I-course
58X	I-course
58Y	I-course
58Z	I-course
59	I-course
59A	I-course
59B	I-course
59C	I-course
59D	I-course
59E	I-course
59F	I-course
59G	I-course
59H	I-course
59I	I-course
59J	I-course
59K	I-course
59L	I-course
59M	I-course
59N	I-course
59O	I-course
59P	I-course
59Q	I-course
59R	I-course
59S	I-course
59T	I-course
59U	I-course
59V	I-course
59W	I-course
59X	I-course
59Y	I-course
59Z	I-course
60	I-course
60A	I-course
60B	I-course
60C	I-course
60D	I-course
60E	I-course
60F	I-course
60G	I-course
60H	I-course
60I	I-course
60J	I-course
60K	I-course
60L	I-course
60M	I-course
60N	I-course
60O	I-course
60P	I-course
60Q	I-course
60R	I-course
60S	I-course
60T	I-course
60U	I-course
60V	I-course
60W	I-course
60X	I-course
60Y	I-course
60Z	I-course
61	I-course
61A	I-course
61B	I-course
61C	I-course
61D	I-course
61E	I-course
61F	I-course
61G	I-course
61H	I-course
61I	I-course
61J	I-course
61K	I-course
61L	I-course
61M	I-course
61N	I-course
61O	I-course
61P	I-course
61Q	I-course
61R	I-course
61S	I-course
61T	I-course
61U	I-course
61V	I-course
61W	I-course
61X	I-course
61Y	I-course
61Z	I-course
62	I-course
62A	I-course
62B	I-course
62C	I-course
62D	I-course
62E	I-course
62F	I-course
62G	I-course
62H	I-course
62I	I-course
62J	I-course
62K	I-course
62L	I-course
62M	I-course
62N	I-course
62O	I-course
62P	I-course
62Q	I-course
62R	I-course
62S	I-course
62T	I-course
62U	I-course
62V	I-course
62W	I-course
62X	I-course
62Y	I-course
62Z	I-course
63	I-course
63A	I-course
63B	I-course
63C	I-course
63D	I-course
63E	I-course
63F	I-course
63G	I-course
63H	I-course
63I	I-course
63J	I-course
63K	I-course
63L	I-course
63M	I-course
63N	I-course
63O	I-course
63P	I-course
63Q	I-course
63R	I-course
63S	I-course
63T	I-course
63U	I-course
63V	I-course
63W	I-course
63X	I-course
63Y	I-course
63Z	I-course
64	I-course
64A	I-course
64B	I-course
64C	I-course
64D	I-course
64E	I-course
64F	I-course
64G	I-course
64H	I-course
64I	I-course
64J	I-course
64K	I-course
64L	I-course
64M	I-course
64N	I-course
64O	I-course
64P	I-course
64Q	I-course
64R	I-course
64S	I-course
64T	I-course
64U	I-course
64V	I-course
64W	I-course
64X	I-course
64Y	I-course
64Z	I-course
65	I-course
65A	I-course
65B	I-course
65C	I-course
65D	I-course
65E	I-course
65F	I-course
65G	I-course
65H	I-course
65I	I-course
65J	I-course
65K	I-course
65L	I-course
65M	I-course
65N	I-course
65O	I-course
65P	I-course
65Q	I-course
65R	I-course
65S	I-course
65T	I-course
65U	I-course
65V	I-course
65W	I-course
65X	I-course
65Y	I-course
65Z	I-course
66	I-course
66A	I-course
66B	I-course
66C	I-course
66D	I-course
66E	I-course
66F	I-course
66G	I-course
66H	I-course
66I	I-course
66J	I-course
66K	I-course
66L	I-course
66M	I-course
66N	I-course
66O	I-course
66P	I-course
66Q	I-course
66R	I-course
66S	I-course
66T	I-course
66U	I-course
66V	I-course
66W	I-course
66X	I-course
66Y	I-course
66Z	I-course
67	I-course
67A	I-course
67B	I-course
67C	I-course
67D	I-course
67E	I-course
67F	I-course
67G	I-course
67H	I-course
67I	I-course
67J	I-course
67K	I-course
67L	I-course
67M	I-course
67N	I-course
67O	I-course
67P	I-course
67Q	I-course
67R	I-course
67S	I-course
67T	I-course
67U	I-course
67V	I-course
67W	I-course
67X	I-course
67Y	I-course
67Z	I-course
68	I-course
68A	I-course
68B	I-course
68C	I-course
68D	I-course
68E	I-course
68F	I-course
68G	I-course
68H	I-course
68I	I-course
68J	I-course
68K	I-course
68L	I-course
68M	I-course
68N	I-course
68O	I-course
68P	I-course
68Q	I-course
68R	I-course
68S	I-course
68T	I-course
68U	I-course
68V	I-course
68W	I-course
68X	I-course
68Y	I-course
68Z	I-course
69	I-course
69A	I-course
69B	I-course
69C	I-course
69D	I-course
69E	I-course
69F	I-course
69G	I-course
69H	I-course
69I	I-course
69J	I-course
69K	I-course
69L	I-course
69M	I-course
69N	I-course
69O	I-course
69P	I-course
69Q	I-course
69R	I-course
69S	I-course
69T	I-course
69U	I-course
69V	I-course
69W	I-course
69X	I-course
69Y	I-course
69Z	I-course
70	I-course
70A	I-course
70B	I-course
70C	I-course
70D	I-course
70E	I-course
70F	I-course
70G	I-course
70H	I-course
70I	I-course
70J	I-course
70K	I-course
70L	I-course
70M	I-course
70N	I-course
70O	I-course
70P	I-course
70Q	I-course
70R	I-course
70S	I-course
70T	I-course
70U	I-course
70V	I-course
70W	I-course
70X	I-course
70Y	I-course
70Z	I-course
71	I-course
71A	I-course
71B	I-course
71C	I-course
71D	I-course
71E	I-course
71F	I-course
71G	I-course
71H	I-course
71I	I-course
71J	I-course
71K	I-course
71L	I-course
71M	I-course
71N	I-course
71O	I-course
71P	I-course
71Q	I-course
71R	I-course
71S	I-course
71T	I-course
71U	I-course
71V	I-course
71W	I-course
71X	I-course
71Y	I-course
71Z	I-course
72	I-course
72A	I-course
72B	I-course
72C	I-course
72D	I-course
72E	I-course
72F	I-course
72G	I-course
72H	I-course
72I	I-course
72J	I-course
72K	I-course
72L	I-course
72M	I-course
72N	I-course
72O	I-course
72P	I-course
72Q	I-course
72R	I-course
72S	I-course
72T	I-course
72U	I-course
72V	I-course
72W	I-course
72X	I-course
72Y	I-course
72Z	I-course
73	I-course
73A	I-course
73B	I-course
73C	I-course
73D	I-course
73E	I-course
73F	I-course
73G	I-course
73H	I-course
73I	I-course
73J	I-course
73K	I-course
73L	I-course
73M	I-course
73N	I-course
73O	I-course
73P	I-course
73Q	I-course
73R	I-course
73S	I-course
73T	I-course
73U	I-course
73V	I-course
73W	I-course
73X	I-course
73Y	I-course
73Z	I-course
74	I-course
74A	I-course
74B	I-course
74C	I-course
74D	I-course
74E	I-course
74F	I-course
74G	I-course
74H	I-course
74I	I-course
74J	I-course
74K	I-course
74L	I-course
74M	I-course
74N	I-course
74O	I-course
74P	I-course
74Q	I-course
74R	I-course
74S	I-course
74T	I-course
74U	I-course
74V	I-course
74W	I-course
74X	I-course
74Y	I-course
74Z	I-course
75	I-course
75A	I-course
75B	I-course
75C	I-course
75D	I-course
75E	I-course
75F	I-course
75G	I-course
75H	I-course
75I	I-course
75J	I-course
75K	I-course
75L	I-course
75M	I-course
75N	I-course
75O	I-course
75P	I-course
75Q	I-course
75R	I-course
75S	I-course
75T	I-course
75U	I-course
75V	I-course
75W	I-course
75X	I-course
75Y	I-course
75Z	I-course
76	I-course
76A	I-course
76B	I-course
76C	I-course
76D	I-course
76E	I-course
76F	I-course
76G	I-course
76H	I-course
76I	I-course
76J	I-course
76K	I-course
76L	I-course
76M	I-course
76N	I-course
76O	I-course
76P	I-course
76Q	I-course
76R	I-course
76S	I-course
76T	I-course
76U	I-course
76V	I-course
76W	I-course
76X	I-course
76Y	I-course
76Z	I-course
77	I-course
77A	I-course
77B	I-course
77C	I-course
77D	I-course
77E	I-course
77F	I-course
77G	I-course
77H	I-course
77I	I-course
77J	I-course
77K	I-course
77L	I-course
77M	I-course
77N	I-course
77O	I-course
77P	I-course
77Q	I-course
77R	I-course
77S	I-course
77T	I-course
77U	I-course
77V	I-course
77W	I-course
77X	I-course
77Y	I-course
77Z	I-course
78	I-course
78A	I-course
78B	I-course
78C	I-course
78D	I-course
78E	I-course
78F	I-course
78G	I-course
78H	I-course
78I	I-course
78J	I-course
78K	I-course
78L	I-course
78M	I-course
78N	I-course
78O	I-course
78P	I-course
78Q	I-course
78R	I-course
78S	I-course
78T	I-course
78U	I-course
78V	I-course
78W	I-course
78X	I-course
78Y	I-course
78Z	I-course
79	I-course
79A	I-course
79B	I-course
79C	I-course
79D	I-course
79E	I-course
79F	I-course
79G	I-course
79H	I-course
79I	I-course
79J	I-course
79K	I-course
79L	I-course
79M	I-course
79N	I-course
79O	I-course
79P	I-course
79Q	I-course
79R	I-course
79S	I-course
79T	I-course
79U	I-course
79V	I-course
79W	I-course
79X	I-course
79Y	I-course
79Z	I-course
80	I-course
80A	I-course
80B	I-course
80C	I-course
80D	I-course
80E	I-course
80F	I-course
80G	I-course
80H	I-course
80I	I-course
80J	I-course
80K	I-course
80L	I-course
80M	I-course
80N	I-course
80O	I-course
80P	I-course
80Q	I-course
80R	I-course
80S	I-course
80T	I-course
80U	I-course
80V	I-course
80W	I-course
80X	I-course
80Y	I-course
80Z	I-course
81	I-course
81A	I-course
81B	I-course
81C	I-course
81D	I-course
81E	I-course
81F	I-course
81G	I-course
81H	I-course
81I	I-course
81J	I-course
81K	I-course
81L	I-course
81M	I-course
81N	I-course
81O	I-course
81P	I-course
81Q	I-course
81R	I-course
81S	I-course
81T	I-course
81U	I-course
81V	I-course
81W	I-course
81X	I-course
81Y	I-course
81Z	I-course
82	I-course
82A	I-course
82B	I-course
82C	I-course
82D	I-course
82E	I-course
82F	I-course
82G	I-course
82H	I-course
82I	I-course
82J	I-course
82K	I-course
82L	I-course
82M	I-course
82N	I-course
82O	I-course
82P	I-course
82Q	I-course
82R	I-course
82S	I-course
82T	I-course
82U	I-course
82V	I-course
82W	I-course
82X	I-course
82Y	I-course
82Z	I-course
83	I-course
83A	I-course
83B	I-course
83C	I-course
83D	I-course
83E	I-course
83F	I-course
83G	I-course
83H	I-course
83I	I-course
83J	I-course
83K	I-course
83L	I-course
83M	I-course
83N	I-course
83O	I-course
83P	I-course
83Q	I-course
83R	I-course
83S	I-course
83T	I-course
83U	I-course
83V	I-course
83W	I-course
83X	I-course
83Y	I-course
83Z	I-course
84	I-course
84A	I-course
84B	I-course
84C	I-course
84D	I-course
84E	I-course
84F	I-course
84G	I-course
84H	I-course
84I	I-course
84J	I-course
84K	I-course
84L	I-course
84M	I-course
84N	I-course
84O	I-course
84P	I-course
84Q	I-course
84R	I-course
84S	I-course
84T	I-course
84U	I-course
84V	I-course
84W	I-course
84X	I-course
84Y	I-course
84Z	I-course
85	I-course
85A	I-course
85B	I-course
85C	I-course
85D	I-course
85E	I-course
85F	I-course
85G	I-course
85H	I-course
85I	I-course
85J	I-course
85K	I-course
85L	I-course
85M	I-course
85N	I-course
85O	I-course
85P	I-course
85Q	I-course
85R	I-course
85S	I-course
85T	I-course
85U	I-course
85V	I-course
85W	I-course
85X	I-course
85Y	I-course
85Z	I-course
86	I-course
86A	I-course
86B	I-course
86C	I-course
86D	I-course
86E	I-course
86F	I-course
86G	I-course
86H	I-course
86I	I-course
86J	I-course
86K	I-course
86L	I-course
86M	I-course
86N	I-course
86O	I-course
86P	I-course
86Q	I-course
86R	I-course
86S	I-course
86T	I-course
86U	I-course
86V	I-course
86W	I-course
86X	I-course
86Y	I-course
86Z	I-course
87	I-course
87A	I-course
87B	I-course
87C	I-course
87D	I-course
87E	I-course
87F	I-course
87G	I-course
87H	I-course
87I	I-course
87J	I-course
87K	I-course
87L	I-course
87M	I-course
87N	I-course
87O	I-course
87P	I-course
87Q	I-course
87R	I-course
87S	I-course
87T	I-course
87U	I-course
87V	I-course
87W	I-course
87X	I-course
87Y	I-course
87Z	I-course
88	I-course
88A	I-course
88B	I-course
88C	I-course
88D	I-course
88E	I-course
88F	I-course
88G	I-course
88H	I-course
88I	I-course
88J	I-course
88K	I-course
88L	I-course
88M	I-course
88N	I-course
88O	I-course
88P	I-course
88Q	I-course
88R	I-course
88S	I-course
88T	I-course
88U	I-course
88V	I-course
88W	I-course
88X	I-course
88Y	I-course
88Z	I-course
89	I-course
89A	I-course
89B	I-course
89C	I-course
89D	I-course
89E	I-course
89F	I-course
89G	I-course
89H	I-course
89I	I-course
89J	I-course
89K	I-course
89L	I-course
89M	I-course
89N	I-course
89O	I-course
89P	I-course
89Q	I-course
89R	I-course
89S	I-course
89T	I-course
89U	I-course
89V	I-course
89W	I-course
89X	I-course
89Y	I-course
89Z	I-course
90	I-course
90A	I-course
90B	I-course
90C	I-course
90D	I-course
90E	I-course
90F	I-course
90G	I-course
90H	I-course
90I	I-course
90J	I-course
90K	I-course
90L	I-course
90M	I-course
90N	I-course
90O	I-course
90P	I-course
90Q	I-course
90R	I-course
90S	I-course
90T	I-course
90U	I-course
90V	I-course
90W	I-course
90X	I-course
90Y	I-course
90Z	I-course
91	I-course
91A	I-course
91B	I-course
91C	I-course
91D	I-course
91E	I-course
91F	I-course
91G	I-course
91H	I-course
91I	I-course
91J	I-course
91K	I-course
91L	I-course
91M	I-course
91N	I-course
91O	I-course
91P	I-course
91Q	I-course
91R	I-course
91S	I-course
91T	I-course
91U	I-course
91V	I-course
91W	I-course
91X	I-course
91Y	I-course
91Z	I-course
92	I-course
92A	I-course
92B	I-course
92C	I-course
92D	I-course
92E	I-course
92F	I-course
92G	I-course
92H	I-course
92I	I-course
92J	I-course
92K	I-course
92L	I-course
92M	I-course
92N	I-course
92O	I-course
92P	I-course
92Q	I-course
92R	I-course
92S	I-course
92T	I-course
92U	I-course
92V	I-course
92W	I-course
92X	I-course
92Y	I-course
92Z	I-course
93	I-course
93A	I-course
93B	I-course
93C	I-course
93D	I-course
93E	I-course
93F	I-course
93G	I-course
93H	I-course
93I	I-course
93J	I-course
93K	I-course
93L	I-course
93M	I-course
93N	I-course
93O	I-course
93P	I-course
93Q	I-course
93R	I-course
93S	I-course
93T	I-course
93U	I-course
93V	I-course
93W	I-course
93X	I-course
93Y	I-course
93Z	I-course
94	I-course
94A	I-course
94B	I-course
94C	I-course
94D	I-course
94E	I-course
94F	I-course
94G	I-course
94H	I-course
94I	I-course
94J	I-course
94K	I-course
94L	I-course
94M	I-course
94N	I-course
94O	I-course
94P	I-course
94Q	I-course
94R	I-course
94S	I-course
94T	I-course
94U	I-course
94V	I-course
94W	I-course
94X	I-course
94Y	I-course
94Z	I-course
95	I-course
95A	I-course
95B	I-course
95C	I-course
95D	I-course
95E	I-course
95F	I-course
95G	I-course
95H	I-course
95I	I-course
95J	I-course
95K	I-course
95L	I-course
95M	I-course
95N	I-course
95O	I-course
95P	I-course
95Q	I-course
95R	I-course
95S	I-course
95T	I-course
95U	I-course
95V	I-course
95W	I-course
95X	I-course
95Y	I-course
95Z	I-course
96	I-course
96A	I-course
96B	I-course
96C	I-course
96D	I-course
96E	I-course
96F	I-course
96G	I-course
96H	I-course
96I	I-course
96J	I-course
96K	I-course
96L	I-course
96M	I-course
96N	I-course
96O	I-course
96P	I-course
96Q	I-course
96R	I-course
96S	I-course
96T	I-course
96U	I-course
96V	I-course
96W	I-course
96X	I-course
96Y	I-course
96Z	I-course
97	I-course
97A	I-course
97B	I-course
97C	I-course
97D	I-course
97E	I-course
97F	I-course
97G	I-course
97H	I-course
97I	I-course
97J	I-course
97K	I-course
97L	I-course
97M	I-course
97N	I-course
97O	I-course
97P	I-course
97Q	I-course
97R	I-course
97S	I-course
97T	I-course
97U	I-course
97V	I-course
97W	I-course
97X	I-course
97Y	I-course
97Z	I-course
98	I-course
98A	I-course
98B	I-course
98C	I-course
98D	I-course
98E	I-course
98F	I-course
98G	I-course
98H	I-course
98I	I-course
98J	I-course
98K	I-course
98L	I-course
98M	I-course
98N	I-course
98O	I-course
98P	I-course
98Q	I-course
98R	I-course
98S	I-course
98T	I-course
98U	I-course
98V	I-course
98W	I-course
98X	I-course
98Y	I-course
98Z	I-course
99	I-course
99A	I-course
99B	I-course
99C	I-course
99D	I-course
99E	I-course
99F	I-course
99G	I-course
99H	I-course
99I	I-course
99J	I-course
99K	I-course
99L	I-course
99M	I-course
99N	I-course
99O	I-course
99P	I-course
99Q	I-course
99R	I-course
99S	I-course
99T	I-course
99U	I-course
99V	I-course
99W	I-course
99X	I-course
99Y	I-course
99Z	I-course
100	I-course
100A	I-course
100B	I-course
100C	I-course
100D	I-course
100E	I-course
100F	I-course
100G	I-course
100H	I-course
100I	I-course
100J	I-course
100K	I-course
100L	I-course
100M	I-course
100N	I-course
100O	I-course
100P	I-course
100Q	I-course
100R	I-course
100S	I-course
100T	I-course
100U	I-course
100V	I-course
100W	I-course
100X	I-course
100Y	I-course
100Z	I-course
101	I-course
101A	I-course
101B	I-course
101C	I-course
101D	I-course
101E	I-course
101F	I-course
101G	I-course
101H	I-course
101I	I-course
101J	I-course
101K	I-course
101L	I-course
101M	I-course
101N	I-course
101O	I-course
101P	I-course
101Q	I-course
101R	I-course
101S	I-course
101T	I-course
101U	I-course
101V	I-course
101W	I-course
101X	I-course
101Y	I-course
101Z	I-course
102	I-course
102A	I-course
102B	I-course
102C	I-course
102D	I-course
102E	I-course
102F	I-course
102G	I-course
102H	I-course
102I	I-course
102J	I-course
102K	I-course
102L	I-course
102M	I-course
102N	I-course
102O	I-course
102P	I-course
102Q	I-course
102R	I-course
102S	I-course
102T	I-course
102U	I-course
102V	I-course
102W	I-course
102X	I-course
102Y	I-course
102Z	I-course
103	I-course
103A	I-course
103B	I-course
103C	I-course
103D	I-course
103E	I-course
103F	I-course
103G	I-course
103H	I-course
103I	I-course
103J	I-course
103K	I-course
103L	I-course
103M	I-course
103N	I-course
103O	I-course
103P	I-course
103Q	I-course
103R	I-course
103S	I-course
103T	I-course
103U	I-course
103V	I-course
103W	I-course
103X	I-course
103Y	I-course
103Z	I-course
104	I-course
104A	I-course
104B	I-course
104C	I-course
104D	I-course
104E	I-course
104F	I-course
104G	I-course
104H	I-course
104I	I-course
104J	I-course
104K	I-course
104L	I-course
104M	I-course
104N	I-course
104O	I-course
104P	I-course
104Q	I-course
104R	I-course
104S	I-course
104T	I-course
104U	I-course
104V	I-course
104W	I-course
104X	I-course
104Y	I-course
104Z	I-course
105	I-course
105A	I-course
105B	I-course
105C	I-course
105D	I-course
105E	I-course
105F	I-course
105G	I-course
105H	I-course
105I	I-course
105J	I-course
105K	I-course
105L	I-course
105M	I-course
105N	I-course
105O	I-course
105P	I-course
105Q	I-course
105R	I-course
105S	I-course
105T	I-course
105U	I-course
105V	I-course
105W	I-course
105X	I-course
105Y	I-course
105Z	I-course
106	I-course
106A	I-course
106B	I-course
106C	I-course
106D	I-course
106E	I-course
106F	I-course
106G	I-course
106H	I-course
106I	I-course
106J	I-course
106K	I-course
106L	I-course
106M	I-course
106N	I-course
106O	I-course
106P	I-course
106Q	I-course
106R	I-course
106S	I-course
106T	I-course
106U	I-course
106V	I-course
106W	I-course
106X	I-course
106Y	I-course
106Z	I-course
107	I-course
107A	I-course
107B	I-course
107C	I-course
107D	I-course
107E	I-course
107F	I-course
107G	I-course
107H	I-course
107I	I-course
107J	I-course
107K	I-course
107L	I-course
107M	I-course
107N	I-course
107O	I-course
107P	I-course
107Q	I-course
107R	I-course
107S	I-course
107T	I-course
107U	I-course
107V	I-course
107W	I-course
107X	I-course
107Y	I-course
107Z	I-course
108	I-course
108A	I-course
108B	I-course
108C	I-course
108D	I-course
108E	I-course
108F	I-course
108G	I-course
108H	I-course
108I	I-course
108J	I-course
108K	I-course
108L	I-course
108M	I-course
108N	I-course
108O	I-course
108P	I-course
108Q	I-course
108R	I-course
108S	I-course
108T	I-course
108U	I-course
108V	I-course
108W	I-course
108X	I-course
108Y	I-course
108Z	I-course
109	I-course
109A	I-course
109B	I-course
109C	I-course
109D	I-course
109E	I-course
109F	I-course
109G	I-course
109H	I-course
109I	I-course
109J	I-course
109K	I-course
109L	I-course
109M	I-course
109N	I-course
109O	I-course
109P	I-course
109Q	I-course
109R	I-course
109S	I-course
109T	I-course
109U	I-course
109V	I-course
109W	I-course
109X	I-course
109Y	I-course
109Z	I-course
110	I-course
110A	I-course
110B	I-course
110C	I-course
110D	I-course
110E	I-course
110F	I-course
110G	I-course
110H	I-course
110I	I-course
110J	I-course
110K	I-course
110L	I-course
110M	I-course
110N	I-course
110O	I-course
110P	I-course
110Q	I-course
110R	I-course
110S	I-course
110T	I-course
110U	I-course
110V	I-course
110W	I-course
110X	I-course
110Y	I-course
110Z	I-course
111	I-course
111A	I-course
111B	I-course
111C	I-course
111D	I-course
111E	I-course
111F	I-course
111G	I-course
111H	I-course
111I	I-course
111J	I-course
111K	I-course
111L	I-course
111M	I-course
111N	I-course
111O	I-course
111P	I-course
111Q	I-course
111R	I-course
111S	I-course
111T	I-course
111U	I-course
111V	I-course
111W	I-course
111X	I-course
111Y	I-course
111Z	I-course
112	I-course
112A	I-course
112B	I-course
112C	I-course
112D	I-course
112E	I-course
112F	I-course
112G	I-course
112H	I-course
112I	I-course
112J	I-course
112K	I-course
112L	I-course
112M	I-course
112N	I-course
112O	I-course
112P	I-course
112Q	I-course
112R	I-course
112S	I-course
112T	I-course
112U	I-course
112V	I-course
112W	I-course
112X	I-course
112Y	I-course
112Z	I-course
113	I-course
113A	I-course
113B	I-course
113C	I-course
113D	I-course
113E	I-course
113F	I-course
113G	I-course
113H	I-course
113I	I-course
113J	I-course
113K	I-course
113L	I-course
113M	I-course
113N	I-course
113O	I-course
113P	I-course
113Q	I-course
113R	I-course
113S	I-course
113T	I-course
113U	I-course
113V	I-course
113W	I-course
113X	I-course
113Y	I-course
113Z	I-course
114	I-course
114A	I-course
114B	I-course
114C	I-course
114D	I-course
114E	I-course
114F	I-course
114G	I-course
114H	I-course
114I	I-course
114J	I-course
114K	I-course
114L	I-course
114M	I-course
114N	I-course
114O	I-course
114P	I-course
114Q	I-course
114R	I-course
114S	I-course
114T	I-course
114U	I-course
114V	I-course
114W	I-course
114X	I-course
114Y	I-course
114Z	I-course
115	I-course
115A	I-course
115B	I-course
115C	I-course
115D	I-course
115E	I-course
115F	I-course
115G	I-course
115H	I-course
115I	I-course
115J	I-course
115K	I-course
115L	I-course
115M	I-course
115N	I-course
115O	I-course
115P	I-course
115Q	I-course
115R	I-course
115S	I-course
115T	I-course
115U	I-course
115V	I-course
115W	I-course
115X	I-course
115Y	I-course
115Z	I-course
116	I-course
116A	I-course
116B	I-course
116C	I-course
116D	I-course
116E	I-course
116F	I-course
116G	I-course
116H	I-course
116I	I-course
116J	I-course
116K	I-course
116L	I-course
116M	I-course
116N	I-course
116O	I-course
116P	I-course
116Q	I-course
116R	I-course
116S	I-course
116T	I-course
116U	I-course
116V	I-course
116W	I-course
116X	I-course
116Y	I-course
116Z	I-course
117	I-course
117A	I-course
117B	I-course
117C	I-course
117D	I-course
117E	I-course
117F	I-course
117G	I-course
117H	I-course
117I	I-course
117J	I-course
117K	I-course
117L	I-course
117M	I-course
117N	I-course
117O	I-course
117P	I-course
117Q	I-course
117R	I-course
117S	I-course
117T	I-course
117U	I-course
117V	I-course
117W	I-course
117X	I-course
117Y	I-course
117Z	I-course
118	I-course
118A	I-course
118B	I-course
118C	I-course
118D	I-course
118E	I-course
118F	I-course
118G	I-course
118H	I-course
118I	I-course
118J	I-course
118K	I-course
118L	I-course
118M	I-course
118N	I-course
118O	I-course
118P	I-course
118Q	I-course
118R	I-course
118S	I-course
118T	I-course
118U	I-course
118V	I-course
118W	I-course
118X	I-course
118Y	I-course
118Z	I-course
119	I-course
119A	I-course
119B	I-course
119C	I-course
119D	I-course
119E	I-course
119F	I-course
119G	I-course
119H	I-course
119I	I-course
119J	I-course
119K	I-course
119L	I-course
119M	I-course
119N	I-course
119O	I-course
119P	I-course
119Q	I-course
119R	I-course
119S	I-course
119T	I-course
119U	I-course
119V	I-course
119W	I-course
119X	I-course
119Y	I-course
119Z	I-course
120	I-course
120A	I-course
120B	I-course
120C	I-course
120D	I-course
120E	I-course
120F	I-course
120G	I-course
120H	I-course
120I	I-course
120J	I-course
120K	I-course
120L	I-course
120M	I-course
120N	I-course
120O	I-course
120P	I-course
120Q	I-course
120R	I-course
120S	I-course
120T	I-course
120U	I-course
120V	I-course
120W	I-course
120X	I-course
120Y	I-course
120Z	I-course
121	I-course
121A	I-course
121B	I-course
121C	I-course
121D	I-course
121E	I-course
121F	I-course
121G	I-course
121H	I-course
121I	I-course
121J	I-course
121K	I-course
121L	I-course
121M	I-course
121N	I-course
121O	I-course
121P	I-course
121Q	I-course
121R	I-course
121S	I-course
121T	I-course
121U	I-course
121V	I-course
121W	I-course
121X	I-course
121Y	I-course
121Z	I-course
122	I-course
122A	I-course
122B	I-course
122C	I-course
122D	I-course
122E	I-course
122F	I-course
122G	I-course
122H	I-course
122I	I-course
122J	I-course
122K	I-course
122L	I-course
122M	I-course
122N	I-course
122O	I-course
122P	I-course
122Q	I-course
122R	I-course
122S	I-course
122T	I-course
122U	I-course
122V	I-course
122W	I-course
122X	I-course
122Y	I-course
122Z	I-course
123	I-course
123A	I-course
123B	I-course
123C	I-course
123D	I-course
123E	I-course
123F	I-course
123G	I-course
123H	I-course
123I	I-course
123J	I-course
123K	I-course
123L	I-course
123M	I-course
123N	I-course
123O	I-course
123P	I-course
123Q	I-course
123R	I-course
123S	I-course
123T	I-course
123U	I-course
123V	I-course
123W	I-course
123X	I-course
123Y	I-course
123Z	I-course
124	I-course
124A	I-course
124B	I-course
124C	I-course
124D	I-course
124E	I-course
124F	I-course
124G	I-course
124H	I-course
124I	I-course
124J	I-course
124K	I-course
124L	I-course
124M	I-course
124N	I-course
124O	I-course
124P	I-course
124Q	I-course
124R	I-course
124S	I-course
124T	I-course
124U	I-course
124V	I-course
124W	I-course
124X	I-course
124Y	I-course
124Z	I-course
125	I-course
125A	I-course
125B	I-course
125C	I-course
125D	I-course
125E	I-course
125F	I-course
125G	I-course
125H	I-course
125I	I-course
125J	I-course
125K	I-course
125L	I-course
125M	I-course
125N	I-course
125O	I-course
125P	I-course
125Q	I-course
125R	I-course
125S	I-course
125T	I-course
125U	I-course
125V	I-course
125W	I-course
125X	I-course
125Y	I-course
125Z	I-course
126	I-course
126A	I-course
126B	I-course
126C	I-course
126D	I-course
126E	I-course
126F	I-course
126G	I-course
126H	I-course
126I	I-course
126J	I-course
126K	I-course
126L	I-course
126M	I-course
126N	I-course
126O	I-course
126P	I-course
126Q	I-course
126R	I-course
126S	I-course
126T	I-course
126U	I-course
126V	I-course
126W	I-course
126X	I-course
126Y	I-course
126Z	I-course
127	I-course
127A	I-course
127B	I-course
127C	I-course
127D	I-course
127E	I-course
127F	I-course
127G	I-course
127H	I-course
127I	I-course
127J	I-course
127K	I-course
127L	I-course
127M	I-course
127N	I-course
127O	I-course
127P	I-course
127Q	I-course
127R	I-course
127S	I-course
127T	I-course
127U	I-course
127V	I-course
127W	I-course
127X	I-course
127Y	I-course
127Z	I-course
128	I-course
128A	I-course
128B	I-course
128C	I-course
128D	I-course
128E	I-course
128F	I-course
128G	I-course
128H	I-course
128I	I-course
128J	I-course
128K	I-course
128L	I-course
128M	I-course
128N	I-course
128O	I-course
128P	I-course
128Q	I-course
128R	I-course
128S	I-course
128T	I-course
128U	I-course
128V	I-course
128W	I-course
128X	I-course
128Y	I-course
128Z	I-course
129	I-course
129A	I-course
129B	I-course
129C	I-course
129D	I-course
129E	I-course
129F	I-course
129G	I-course
129H	I-course
129I	I-course
129J	I-course
129K	I-course
129L	I-course
129M	I-course
129N	I-course
129O	I-course
129P	I-course
129Q	I-course
129R	I-course
129S	I-course
129T	I-course
129U	I-course
129V	I-course
129W	I-course
129X	I-course
129Y	I-course
129Z	I-course
130	I-course
130A	I-course
130B	I-course
130C	I-course
130D	I-course
130E	I-course
130F	I-course
130G	I-course
130H	I-course
130I	I-course
130J	I-course
130K	I-course
130L	I-course
130M	I-course
130N	I-course
130O	I-course
130P	I-course
130Q	I-course
130R	I-course
130S	I-course
130T	I-course
130U	I-course
130V	I-course
130W	I-course
130X	I-course
130Y	I-course
130Z	I-course
131	I-course
131A	I-course
131B	I-course
131C	I-course
131D	I-course
131E	I-course
131F	I-course
131G	I-course
131H	I-course
131I	I-course
131J	I-course
131K	I-course
131L	I-course
131M	I-course
131N	I-course
131O	I-course
131P	I-course
131Q	I-course
131R	I-course
131S	I-course
131T	I-course
131U	I-course
131V	I-course
131W	I-course
131X	I-course
131Y	I-course
131Z	I-course
132	I-course
132A	I-course
132B	I-course
132C	I-course
132D	I-course
132E	I-course
132F	I-course
132G	I-course
132H	I-course
132I	I-course
132J	I-course
132K	I-course
132L	I-course
132M	I-course
132N	I-course
132O	I-course
132P	I-course
132Q	I-course
132R	I-course
132S	I-course
132T	I-course
132U	I-course
132V	I-course
132W	I-course
132X	I-course
132Y	I-course
132Z	I-course
133	I-course
133A	I-course
133B	I-course
133C	I-course
133D	I-course
133E	I-course
133F	I-course
133G	I-course
133H	I-course
133I	I-course
133J	I-course
133K	I-course
133L	I-course
133M	I-course
133N	I-course
133O	I-course
133P	I-course
133Q	I-course
133R	I-course
133S	I-course
133T	I-course
133U	I-course
133V	I-course
133W	I-course
133X	I-course
133Y	I-course
133Z	I-course
134	I-course
134A	I-course
134B	I-course
134C	I-course
134D	I-course
134E	I-course
134F	I-course
134G	I-course
134H	I-course
134I	I-course
134J	I-course
134K	I-course
134L	I-course
134M	I-course
134N	I-course
134O	I-course
134P	I-course
134Q	I-course
134R	I-course
134S	I-course
134T	I-course
134U	I-course
134V	I-course
134W	I-course
134X	I-course
134Y	I-course
134Z	I-course
135	I-course
135A	I-course
135B	I-course
135C	I-course
135D	I-course
135E	I-course
135F	I-course
135G	I-course
135H	I-course
135I	I-course
135J	I-course
135K	I-course
135L	I-course
135M	I-course
135N	I-course
135O	I-course
135P	I-course
135Q	I-course
135R	I-course
135S	I-course
135T	I-course
135U	I-course
135V	I-course
135W	I-course
135X	I-course
135Y	I-course
135Z	I-course
136	I-course
136A	I-course
136B	I-course
136C	I-course
136D	I-course
136E	I-course
136F	I-course
136G	I-course
136H	I-course
136I	I-course
136J	I-course
136K	I-course
136L	I-course
136M	I-course
136N	I-course
136O	I-course
136P	I-course
136Q	I-course
136R	I-course
136S	I-course
136T	I-course
136U	I-course
136V	I-course
136W	I-course
136X	I-course
136Y	I-course
136Z	I-course
137	I-course
137A	I-course
137B	I-course
137C	I-course
137D	I-course
137E	I-course
137F	I-course
137G	I-course
137H	I-course
137I	I-course
137J	I-course
137K	I-course
137L	I-course
137M	I-course
137N	I-course
137O	I-course
137P	I-course
137Q	I-course
137R	I-course
137S	I-course
137T	I-course
137U	I-course
137V	I-course
137W	I-course
137X	I-course
137Y	I-course
137Z	I-course
138	I-course
138A	I-course
138B	I-course
138C	I-course
138D	I-course
138E	I-course
138F	I-course
138G	I-course
138H	I-course
138I	I-course
138J	I-course
138K	I-course
138L	I-course
138M	I-course
138N	I-course
138O	I-course
138P	I-course
138Q	I-course
138R	I-course
138S	I-course
138T	I-course
138U	I-course
138V	I-course
138W	I-course
138X	I-course
138Y	I-course
138Z	I-course
139	I-course
139A	I-course
139B	I-course
139C	I-course
139D	I-course
139E	I-course
139F	I-course
139G	I-course
139H	I-course
139I	I-course
139J	I-course
139K	I-course
139L	I-course
139M	I-course
139N	I-course
139O	I-course
139P	I-course
139Q	I-course
139R	I-course
139S	I-course
139T	I-course
139U	I-course
139V	I-course
139W	I-course
139X	I-course
139Y	I-course
139Z	I-course
140	I-course
140A	I-course
140B	I-course
140C	I-course
140D	I-course
140E	I-course
140F	I-course
140G	I-course
140H	I-course
140I	I-course
140J	I-course
140K	I-course
140L	I-course
140M	I-course
140N	I-course
140O	I-course
140P	I-course
140Q	I-course
140R	I-course
140S	I-course
140T	I-course
140U	I-course
140V	I-course
140W	I-course
140X	I-course
140Y	I-course
140Z	I-course
141	I-course
141A	I-course
141B	I-course
141C	I-course
141D	I-course
141E	I-course
141F	I-course
141G	I-course
141H	I-course
141I	I-course
141J	I-course
141K	I-course
141L	I-course
141M	I-course
141N	I-course
141O	I-course
141P	I-course
141Q	I-course
141R	I-course
141S	I-course
141T	I-course
141U	I-course
141V	I-course
141W	I-course
141X	I-course
141Y	I-course
141Z	I-course
142	I-course
142A	I-course
142B	I-course
142C	I-course
142D	I-course
142E	I-course
142F	I-course
142G	I-course
142H	I-course
142I	I-course
142J	I-course
142K	I-course
142L	I-course
142M	I-course
142N	I-course
142O	I-course
142P	I-course
142Q	I-course
142R	I-course
142S	I-course
142T	I-course
142U	I-course
142V	I-course
142W	I-course
142X	I-course
142Y	I-course
142Z	I-course
143	I-course
143A	I-course
143B	I-course
143C	I-course
143D	I-course
143E	I-course
143F	I-course
143G	I-course
143H	I-course
143I	I-course
143J	I-course
143K	I-course
143L	I-course
143M	I-course
143N	I-course
143O	I-course
143P	I-course
143Q	I-course
143R	I-course
143S	I-course
143T	I-course
143U	I-course
143V	I-course
143W	I-course
143X	I-course
143Y	I-course
143Z	I-course
144	I-course
144A	I-course
144B	I-course
144C	I-course
144D	I-course
144E	I-course
144F	I-course
144G	I-course
144H	I-course
144I	I-course
144J	I-course
144K	I-course
144L	I-course
144M	I-course
144N	I-course
144O	I-course
144P	I-course
144Q	I-course
144R	I-course
144S	I-course
144T	I-course
144U	I-course
144V	I-course
144W	I-course
144X	I-course
144Y	I-course
144Z	I-course
145	I-course
145A	I-course
145B	I-course
145C	I-course
145D	I-course
145E	I-course
145F	I-course
145G	I-course
145H	I-course
145I	I-course
145J	I-course
145K	I-course
145L	I-course
145M	I-course
145N	I-course
145O	I-course
145P	I-course
145Q	I-course
145R	I-course
145S	I-course
145T	I-course
145U	I-course
145V	I-course
145W	I-course
145X	I-course
145Y	I-course
145Z	I-course
146	I-course
146A	I-course
146B	I-course
146C	I-course
146D	I-course
146E	I-course
146F	I-course
146G	I-course
146H	I-course
146I	I-course
146J	I-course
146K	I-course
146L	I-course
146M	I-course
146N	I-course
146O	I-course
146P	I-course
146Q	I-course
146R	I-course
146S	I-course
146T	I-course
146U	I-course
146V	I-course
146W	I-course
146X	I-course
146Y	I-course
146Z	I-course
147	I-course
147A	I-course
147B	I-course
147C	I-course
147D	I-course
147E	I-course
147F	I-course
147G	I-course
147H	I-course
147I	I-course
147J	I-course
147K	I-course
147L	I-course
147M	I-course
147N	I-course
147O	I-course
147P	I-course
147Q	I-course
147R	I-course
147S	I-course
147T	I-course
147U	I-course
147V	I-course
147W	I-course
147X	I-course
147Y	I-course
147Z	I-course
148	I-course
148A	I-course
148B	I-course
148C	I-course
148D	I-course
148E	I-course
148F	I-course
148G	I-course
148H	I-course
148I	I-course
148J	I-course
148K	I-course
148L	I-course
148M	I-course
148N	I-course
148O	I-course
148P	I-course
148Q	I-course
148R	I-course
148S	I-course
148T	I-course
148U	I-course
148V	I-course
148W	I-course
148X	I-course
148Y	I-course
148Z	I-course
149	I-course
149A	I-course
149B	I-course
149C	I-course
149D	I-course
149E	I-course
149F	I-course
149G	I-course
149H	I-course
149I	I-course
149J	I-course
149K	I-course
149L	I-course
149M	I-course
149N	I-course
149O	I-course
149P	I-course
149Q	I-course
149R	I-course
149S	I-course
149T	I-course
149U	I-course
149V	I-course
149W	I-course
149X	I-course
149Y	I-course
149Z	I-course
150	I-course
150A	I-course
150B	I-course
150C	I-course
150D	I-course
150E	I-course
150F	I-course
150G	I-course
150H	I-course
150I	I-course
150J	I-course
150K	I-course
150L	I-course
150M	I-course
150N	I-course
150O	I-course
150P	I-course
150Q	I-course
150R	I-course
150S	I-course
150T	I-course
150U	I-course
150V	I-course
150W	I-course
150X	I-course
150Y	I-course
150Z	I-course
151	I-course
151A	I-course
151B	I-course
151C	I-course
151D	I-course
151E	I-course
151F	I-course
151G	I-course
151H	I-course
151I	I-course
151J	I-course
151K	I-course
151L	I-course
151M	I-course
151N	I-course
151O	I-course
151P	I-course
151Q	I-course
151R	I-course
151S	I-course
151T	I-course
151U	I-course
151V	I-course
151W	I-course
151X	I-course
151Y	I-course
151Z	I-course
152	I-course
152A	I-course
152B	I-course
152C	I-course
152D	I-course
152E	I-course
152F	I-course
152G	I-course
152H	I-course
152I	I-course
152J	I-course
152K	I-course
152L	I-course
152M	I-course
152N	I-course
152O	I-course
152P	I-course
152Q	I-course
152R	I-course
152S	I-course
152T	I-course
152U	I-course
152V	I-course
152W	I-course
152X	I-course
152Y	I-course
152Z	I-course
153	I-course
153A	I-course
153B	I-course
153C	I-course
153D	I-course
153E	I-course
153F	I-course
153G	I-course
153H	I-course
153I	I-course
153J	I-course
153K	I-course
153L	I-course
153M	I-course
153N	I-course
153O	I-course
153P	I-course
153Q	I-course
153R	I-course
153S	I-course
153T	I-course
153U	I-course
153V	I-course
153W	I-course
153X	I-course
153Y	I-course
153Z	I-course
154	I-course
154A	I-course
154B	I-course
154C	I-course
154D	I-course
154E	I-course
154F	I-course
154G	I-course
154H	I-course
154I	I-course
154J	I-course
154K	I-course
154L	I-course
154M	I-course
154N	I-course
154O	I-course
154P	I-course
154Q	I-course
154R	I-course
154S	I-course
154T	I-course
154U	I-course
154V	I-course
154W	I-course
154X	I-course
154Y	I-course
154Z	I-course
155	I-course
155A	I-course
155B	I-course
155C	I-course
155D	I-course
155E	I-course
155F	I-course
155G	I-course
155H	I-course
155I	I-course
155J	I-course
155K	I-course
155L	I-course
155M	I-course
155N	I-course
155O	I-course
155P	I-course
155Q	I-course
155R	I-course
155S	I-course
155T	I-course
155U	I-course
155V	I-course
155W	I-course
155X	I-course
155Y	I-course
155Z	I-course
156	I-course
156A	I-course
156B	I-course
156C	I-course
156D	I-course
156E	I-course
156F	I-course
156G	I-course
156H	I-course
156I	I-course
156J	I-course
156K	I-course
156L	I-course
156M	I-course
156N	I-course
156O	I-course
156P	I-course
156Q	I-course
156R	I-course
156S	I-course
156T	I-course
156U	I-course
156V	I-course
156W	I-course
156X	I-course
156Y	I-course
156Z	I-course
157	I-course
157A	I-course
157B	I-course
157C	I-course
157D	I-course
157E	I-course
157F	I-course
157G	I-course
157H	I-course
157I	I-course
157J	I-course
157K	I-course
157L	I-course
157M	I-course
157N	I-course
157O	I-course
157P	I-course
157Q	I-course
157R	I-course
157S	I-course
157T	I-course
157U	I-course
157V	I-course
157W	I-course
157X	I-course
157Y	I-course
157Z	I-course
158	I-course
158A	I-course
158B	I-course
158C	I-course
158D	I-course
158E	I-course
158F	I-course
158G	I-course
158H	I-course
158I	I-course
158J	I-course
158K	I-course
158L	I-course
158M	I-course
158N	I-course
158O	I-course
158P	I-course
158Q	I-course
158R	I-course
158S	I-course
158T	I-course
158U	I-course
158V	I-course
158W	I-course
158X	I-course
158Y	I-course
158Z	I-course
159	I-course
159A	I-course
159B	I-course
159C	I-course
159D	I-course
159E	I-course
159F	I-course
159G	I-course
159H	I-course
159I	I-course
159J	I-course
159K	I-course
159L	I-course
159M	I-course
159N	I-course
159O	I-course
159P	I-course
159Q	I-course
159R	I-course
159S	I-course
159T	I-course
159U	I-course
159V	I-course
159W	I-course
159X	I-course
159Y	I-course
159Z	I-course
160	I-course
160A	I-course
160B	I-course
160C	I-course
160D	I-course
160E	I-course
160F	I-course
160G	I-course
160H	I-course
160I	I-course
160J	I-course
160K	I-course
160L	I-course
160M	I-course
160N	I-course
160O	I-course
160P	I-course
160Q	I-course
160R	I-course
160S	I-course
160T	I-course
160U	I-course
160V	I-course
160W	I-course
160X	I-course
160Y	I-course
160Z	I-course
161	I-course
161A	I-course
161B	I-course
161C	I-course
161D	I-course
161E	I-course
161F	I-course
161G	I-course
161H	I-course
161I	I-course
161J	I-course
161K	I-course
161L	I-course
161M	I-course
161N	I-course
161O	I-course
161P	I-course
161Q	I-course
161R	I-course
161S	I-course
161T	I-course
161U	I-course
161V	I-course
161W	I-course
161X	I-course
161Y	I-course
161Z	I-course
162	I-course
162A	I-course
162B	I-course
162C	I-course
162D	I-course
162E	I-course
162F	I-course
162G	I-course
162H	I-course
162I	I-course
162J	I-course
162K	I-course
162L	I-course
162M	I-course
162N	I-course
162O	I-course
162P	I-course
162Q	I-course
162R	I-course
162S	I-course
162T	I-course
162U	I-course
162V	I-course
162W	I-course
162X	I-course
162Y	I-course
162Z	I-course
163	I-course
163A	I-course
163B	I-course
163C	I-course
163D	I-course
163E	I-course
163F	I-course
163G	I-course
163H	I-course
163I	I-course
163J	I-course
163K	I-course
163L	I-course
163M	I-course
163N	I-course
163O	I-course
163P	I-course
163Q	I-course
163R	I-course
163S	I-course
163T	I-course
163U	I-course
163V	I-course
163W	I-course
163X	I-course
163Y	I-course
163Z	I-course
164	I-course
164A	I-course
164B	I-course
164C	I-course
164D	I-course
164E	I-course
164F	I-course
164G	I-course
164H	I-course
164I	I-course
164J	I-course
164K	I-course
164L	I-course
164M	I-course
164N	I-course
164O	I-course
164P	I-course
164Q	I-course
164R	I-course
164S	I-course
164T	I-course
164U	I-course
164V	I-course
164W	I-course
164X	I-course
164Y	I-course
164Z	I-course
165	I-course
165A	I-course
165B	I-course
165C	I-course
165D	I-course
165E	I-course
165F	I-course
165G	I-course
165H	I-course
165I	I-course
165J	I-course
165K	I-course
165L	I-course
165M	I-course
165N	I-course
165O	I-course
165P	I-course
165Q	I-course
165R	I-course
165S	I-course
165T	I-course
165U	I-course
165V	I-course
165W	I-course
165X	I-course
165Y	I-course
165Z	I-course
166	I-course
166A	I-course
166B	I-course
166C	I-course
166D	I-course
166E	I-course
166F	I-course
166G	I-course
166H	I-course
166I	I-course
166J	I-course
166K	I-course
166L	I-course
166M	I-course
166N	I-course
166O	I-course
166P	I-course
166Q	I-course
166R	I-course
166S	I-course
166T	I-course
166U	I-course
166V	I-course
166W	I-course
166X	I-course
166Y	I-course
166Z	I-course
167	I-course
167A	I-course
167B	I-course
167C	I-course
167D	I-course
167E	I-course
167F	I-course
167G	I-course
167H	I-course
167I	I-course
167J	I-course
167K	I-course
167L	I-course
167M	I-course
167N	I-course
167O	I-course
167P	I-course
167Q	I-course
167R	I-course
167S	I-course
167T	I-course
167U	I-course
167V	I-course
167W	I-course
167X	I-course
167Y	I-course
167Z	I-course
168	I-course
168A	I-course
168B	I-course
168C	I-course
168D	I-course
168E	I-course
168F	I-course
168G	I-course
168H	I-course
168I	I-course
168J	I-course
168K	I-course
168L	I-course
168M	I-course
168N	I-course
168O	I-course
168P	I-course
168Q	I-course
168R	I-course
168S	I-course
168T	I-course
168U	I-course
168V	I-course
168W	I-course
168X	I-course
168Y	I-course
168Z	I-course
169	I-course
169A	I-course
169B	I-course
169C	I-course
169D	I-course
169E	I-course
169F	I-course
169G	I-course
169H	I-course
169I	I-course
169J	I-course
169K	I-course
169L	I-course
169M	I-course
169N	I-course
169O	I-course
169P	I-course
169Q	I-course
169R	I-course
169S	I-course
169T	I-course
169U	I-course
169V	I-course
169W	I-course
169X	I-course
169Y	I-course
169Z	I-course
170	I-course
170A	I-course
170B	I-course
170C	I-course
170D	I-course
170E	I-course
170F	I-course
170G	I-course
170H	I-course
170I	I-course
170J	I-course
170K	I-course
170L	I-course
170M	I-course
170N	I-course
170O	I-course
170P	I-course
170Q	I-course
170R	I-course
170S	I-course
170T	I-course
170U	I-course
170V	I-course
170W	I-course
170X	I-course
170Y	I-course
170Z	I-course
171	I-course
171A	I-course
171B	I-course
171C	I-course
171D	I-course
171E	I-course
171F	I-course
171G	I-course
171H	I-course
171I	I-course
171J	I-course
171K	I-course
171L	I-course
171M	I-course
171N	I-course
171O	I-course
171P	I-course
171Q	I-course
171R	I-course
171S	I-course
171T	I-course
171U	I-course
171V	I-course
171W	I-course
171X	I-course
171Y	I-course
171Z	I-course
172	I-course
172A	I-course
172B	I-course
172C	I-course
172D	I-course
172E	I-course
172F	I-course
172G	I-course
172H	I-course
172I	I-course
172J	I-course
172K	I-course
172L	I-course
172M	I-course
172N	I-course
172O	I-course
172P	I-course
172Q	I-course
172R	I-course
172S	I-course
172T	I-course
172U	I-course
172V	I-course
172W	I-course
172X	I-course
172Y	I-course
172Z	I-course
173	I-course
173A	I-course
173B	I-course
173C	I-course
173D	I-course
173E	I-course
173F	I-course
173G	I-course
173H	I-course
173I	I-course
173J	I-course
173K	I-course
173L	I-course
173M	I-course
173N	I-course
173O	I-course
173P	I-course
173Q	I-course
173R	I-course
173S	I-course
173T	I-course
173U	I-course
173V	I-course
173W	I-course
173X	I-course
173Y	I-course
173Z	I-course
174	I-course
174A	I-course
174B	I-course
174C	I-course
174D	I-course
174E	I-course
174F	I-course
174G	I-course
174H	I-course
174I	I-course
174J	I-course
174K	I-course
174L	I-course
174M	I-course
174N	I-course
174O	I-course
174P	I-course
174Q	I-course
174R	I-course
174S	I-course
174T	I-course
174U	I-course
174V	I-course
174W	I-course
174X	I-course
174Y	I-course
174Z	I-course
175	I-course
175A	I-course
175B	I-course
175C	I-course
175D	I-course
175E	I-course
175F	I-course
175G	I-course
175H	I-course
175I	I-course
175J	I-course
175K	I-course
175L	I-course
175M	I-course
175N	I-course
175O	I-course
175P	I-course
175Q	I-course
175R	I-course
175S	I-course
175T	I-course
175U	I-course
175V	I-course
175W	I-course
175X	I-course
175Y	I-course
175Z	I-course
176	I-course
176A	I-course
176B	I-course
176C	I-course
176D	I-course
176E	I-course
176F	I-course
176G	I-course
176H	I-course
176I	I-course
176J	I-course
176K	I-course
176L	I-course
176M	I-course
176N	I-course
176O	I-course
176P	I-course
176Q	I-course
176R	I-course
176S	I-course
176T	I-course
176U	I-course
176V	I-course
176W	I-course
176X	I-course
176Y	I-course
176Z	I-course
177	I-course
177A	I-course
177B	I-course
177C	I-course
177D	I-course
177E	I-course
177F	I-course
177G	I-course
177H	I-course
177I	I-course
177J	I-course
177K	I-course
177L	I-course
177M	I-course
177N	I-course
177O	I-course
177P	I-course
177Q	I-course
177R	I-course
177S	I-course
177T	I-course
177U	I-course
177V	I-course
177W	I-course
177X	I-course
177Y	I-course
177Z	I-course
178	I-course
178A	I-course
178B	I-course
178C	I-course
178D	I-course
178E	I-course
178F	I-course
178G	I-course
178H	I-course
178I	I-course
178J	I-course
178K	I-course
178L	I-course
178M	I-course
178N	I-course
178O	I-course
178P	I-course
178Q	I-course
178R	I-course
178S	I-course
178T	I-course
178U	I-course
178V	I-course
178W	I-course
178X	I-course
178Y	I-course
178Z	I-course
179	I-course
179A	I-course
179B	I-course
179C	I-course
179D	I-course
179E	I-course
179F	I-course
179G	I-course
179H	I-course
179I	I-course
179J	I-course
179K	I-course
179L	I-course
179M	I-course
179N	I-course
179O	I-course
179P	I-course
179Q	I-course
179R	I-course
179S	I-course
179T	I-course
179U	I-course
179V	I-course
179W	I-course
179X	I-course
179Y	I-course
179Z	I-course
180	I-course
180A	I-course
180B	I-course
180C	I-course
180D	I-course
180E	I-course
180F	I-course
180G	I-course
180H	I-course
180I	I-course
180J	I-course
180K	I-course
180L	I-course
180M	I-course
180N	I-course
180O	I-course
180P	I-course
180Q	I-course
180R	I-course
180S	I-course
180T	I-course
180U	I-course
180V	I-course
180W	I-course
180X	I-course
180Y	I-course
180Z	I-course
181	I-course
181A	I-course
181B	I-course
181C	I-course
181D	I-course
181E	I-course
181F	I-course
181G	I-course
181H	I-course
181I	I-course
181J	I-course
181K	I-course
181L	I-course
181M	I-course
181N	I-course
181O	I-course
181P	I-course
181Q	I-course
181R	I-course
181S	I-course
181T	I-course
181U	I-course
181V	I-course
181W	I-course
181X	I-course
181Y	I-course
181Z	I-course
182	I-course
182A	I-course
182B	I-course
182C	I-course
182D	I-course
182E	I-course
182F	I-course
182G	I-course
182H	I-course
182I	I-course
182J	I-course
182K	I-course
182L	I-course
182M	I-course
182N	I-course
182O	I-course
182P	I-course
182Q	I-course
182R	I-course
182S	I-course
182T	I-course
182U	I-course
182V	I-course
182W	I-course
182X	I-course
182Y	I-course
182Z	I-course
183	I-course
183A	I-course
183B	I-course
183C	I-course
183D	I-course
183E	I-course
183F	I-course
183G	I-course
183H	I-course
183I	I-course
183J	I-course
183K	I-course
183L	I-course
183M	I-course
183N	I-course
183O	I-course
183P	I-course
183Q	I-course
183R	I-course
183S	I-course
183T	I-course
183U	I-course
183V	I-course
183W	I-course
183X	I-course
183Y	I-course
183Z	I-course
184	I-course
184A	I-course
184B	I-course
184C	I-course
184D	I-course
184E	I-course
184F	I-course
184G	I-course
184H	I-course
184I	I-course
184J	I-course
184K	I-course
184L	I-course
184M	I-course
184N	I-course
184O	I-course
184P	I-course
184Q	I-course
184R	I-course
184S	I-course
184T	I-course
184U	I-course
184V	I-course
184W	I-course
184X	I-course
184Y	I-course
184Z	I-course
185	I-course
185A	I-course
185B	I-course
185C	I-course
185D	I-course
185E	I-course
185F	I-course
185G	I-course
185H	I-course
185I	I-course
185J	I-course
185K	I-course
185L	I-course
185M	I-course
185N	I-course
185O	I-course
185P	I-course
185Q	I-course
185R	I-course
185S	I-course
185T	I-course
185U	I-course
185V	I-course
185W	I-course
185X	I-course
185Y	I-course
185Z	I-course
186	I-course
186A	I-course
186B	I-course
186C	I-course
186D	I-course
186E	I-course
186F	I-course
186G	I-course
186H	I-course
186I	I-course
186J	I-course
186K	I-course
186L	I-course
186M	I-course
186N	I-course
186O	I-course
186P	I-course
186Q	I-course
186R	I-course
186S	I-course
186T	I-course
186U	I-course
186V	I-course
186W	I-course
186X	I-course
186Y	I-course
186Z	I-course
187	I-course
187A	I-course
187B	I-course
187C	I-course
187D	I-course
187E	I-course
187F	I-course
187G	I-course
187H	I-course
187I	I-course
187J	I-course
187K	I-course
187L	I-course
187M	I-course
187N	I-course
187O	I-course
187P	I-course
187Q	I-course
187R	I-course
187S	I-course
187T	I-course
187U	I-course
187V	I-course
187W	I-course
187X	I-course
187Y	I-course
187Z	I-course
188	I-course
188A	I-course
188B	I-course
188C	I-course
188D	I-course
188E	I-course
188F	I-course
188G	I-course
188H	I-course
188I	I-course
188J	I-course
188K	I-course
188L	I-course
188M	I-course
188N	I-course
188O	I-course
188P	I-course
188Q	I-course
188R	I-course
188S	I-course
188T	I-course
188U	I-course
188V	I-course
188W	I-course
188X	I-course
188Y	I-course
188Z	I-course
189	I-course
189A	I-course
189B	I-course
189C	I-course
189D	I-course
189E	I-course
189F	I-course
189G	I-course
189H	I-course
189I	I-course
189J	I-course
189K	I-course
189L	I-course
189M	I-course
189N	I-course
189O	I-course
189P	I-course
189Q	I-course
189R	I-course
189S	I-course
189T	I-course
189U	I-course
189V	I-course
189W	I-course
189X	I-course
189Y	I-course
189Z	I-course
190	I-course
190A	I-course
190B	I-course
190C	I-course
190D	I-course
190E	I-course
190F	I-course
190G	I-course
190H	I-course
190I	I-course
190J	I-course
190K	I-course
190L	I-course
190M	I-course
190N	I-course
190O	I-course
190P	I-course
190Q	I-course
190R	I-course
190S	I-course
190T	I-course
190U	I-course
190V	I-course
190W	I-course
190X	I-course
190Y	I-course
190Z	I-course
191	I-course
191A	I-course
191B	I-course
191C	I-course
191D	I-course
191E	I-course
191F	I-course
191G	I-course
191H	I-course
191I	I-course
191J	I-course
191K	I-course
191L	I-course
191M	I-course
191N	I-course
191O	I-course
191P	I-course
191Q	I-course
191R	I-course
191S	I-course
191T	I-course
191U	I-course
191V	I-course
191W	I-course
191X	I-course
191Y	I-course
191Z	I-course
192	I-course
192A	I-course
192B	I-course
192C	I-course
192D	I-course
192E	I-course
192F	I-course
192G	I-course
192H	I-course
192I	I-course
192J	I-course
192K	I-course
192L	I-course
192M	I-course
192N	I-course
192O	I-course
192P	I-course
192Q	I-course
192R	I-course
192S	I-course
192T	I-course
192U	I-course
192V	I-course
192W	I-course
192X	I-course
192Y	I-course
192Z	I-course
193	I-course
193A	I-course
193B	I-course
193C	I-course
193D	I-course
193E	I-course
193F	I-course
193G	I-course
193H	I-course
193I	I-course
193J	I-course
193K	I-course
193L	I-course
193M	I-course
193N	I-course
193O	I-course
193P	I-course
193Q	I-course
193R	I-course
193S	I-course
193T	I-course
193U	I-course
193V	I-course
193W	I-course
193X	I-course
193Y	I-course
193Z	I-course
194	I-course
194A	I-course
194B	I-course
194C	I-course
194D	I-course
194E	I-course
194F	I-course
194G	I-course
194H	I-course
194I	I-course
194J	I-course
194K	I-course
194L	I-course
194M	I-course
194N	I-course
194O	I-course
194P	I-course
194Q	I-course
194R	I-course
194S	I-course
194T	I-course
194U	I-course
194V	I-course
194W	I-course
194X	I-course
194Y	I-course
194Z	I-course
195	I-course
195A	I-course
195B	I-course
195C	I-course
195D	I-course
195E	I-course
195F	I-course
195G	I-course
195H	I-course
195I	I-course
195J	I-course
195K	I-course
195L	I-course
195M	I-course
195N	I-course
195O	I-course
195P	I-course
195Q	I-course
195R	I-course
195S	I-course
195T	I-course
195U	I-course
195V	I-course
195W	I-course
195X	I-course
195Y	I-course
195Z	I-course
196	I-course
196A	I-course
196B	I-course
196C	I-course
196D	I-course
196E	I-course
196F	I-course
196G	I-course
196H	I-course
196I	I-course
196J	I-course
196K	I-course
196L	I-course
196M	I-course
196N	I-course
196O	I-course
196P	I-course
196Q	I-course
196R	I-course
196S	I-course
196T	I-course
196U	I-course
196V	I-course
196W	I-course
196X	I-course
196Y	I-course
196Z	I-course
197	I-course
197A	I-course
197B	I-course
197C	I-course
197D	I-course
197E	I-course
197F	I-course
197G	I-course
197H	I-course
197I	I-course
197J	I-course
197K	I-course
197L	I-course
197M	I-course
197N	I-course
197O	I-course
197P	I-course
197Q	I-course
197R	I-course
197S	I-course
197T	I-course
197U	I-course
197V	I-course
197W	I-course
197X	I-course
197Y	I-course
197Z	I-course
198	I-course
198A	I-course
198B	I-course
198C	I-course
198D	I-course
198E	I-course
198F	I-course
198G	I-course
198H	I-course
198I	I-course
198J	I-course
198K	I-course
198L	I-course
198M	I-course
198N	I-course
198O	I-course
198P	I-course
198Q	I-course
198R	I-course
198S	I-course
198T	I-course
198U	I-course
198V	I-course
198W	I-course
198X	I-course
198Y	I-course
198Z	I-course
